{
    "[3 2 1]": {
        "[3 2 1]": 0.3188405797101449,
        "[3 1 2]": 0.2391304347826087,
        "[3 3 1]": 0.028985507246376812,
        "[2 1 3]": 0.20652173913043478,
        "[3 1 3]": 0.057971014492753624,
        "[1 1 3]": 0.025362318840579712,
        "[3 1 1]": 0.12318840579710146
    },
    "[3 1 2]": {
        "[1 2 3]": 0.39766081871345027,
        "[2 3 1]": 0.23391812865497075,
        "[3 3 1]": 0.04678362573099415,
        "[1 3 1]": 0.05847953216374269,
        "[1 3 2]": 0.14035087719298245,
        "[1 3 3]": 0.05263157894736842,
        "[1 1 3]": 0.07017543859649122
    },
    "[1 2 3]": {
        "[1 2 3]": 0.36923076923076925,
        "[2 3 1]": 0.15384615384615385,
        "[3 3 1]": 0.027692307692307693,
        "[1 3 1]": 0.07384615384615385,
        "[1 3 2]": 0.16923076923076924,
        "[1 3 3]": 0.14461538461538462,
        "[1 1 3]": 0.06153846153846154
    },
    "[2 3 1]": {
        "[3 2 1]": 0.3448275862068966,
        "[3 1 2]": 0.2896551724137931,
        "[3 3 1]": 0.013793103448275862,
        "[2 1 3]": 0.10344827586206896,
        "[3 1 3]": 0.07586206896551724,
        "[1 1 3]": 0.013793103448275862,
        "[3 1 1]": 0.15862068965517243
    },
    "[3 3 1]": {
        "[3 2 1]": 0.34579439252336447,
        "[3 1 2]": 0.27102803738317754,
        "[3 3 1]": 0.009345794392523364,
        "[2 1 3]": 0.12149532710280374,
        "[3 1 3]": 0.06542056074766354,
        "[1 1 3]": 0.009345794392523364,
        "[3 1 1]": 0.17757009345794392
    },
    "[1 3 1]": {
        "[3 2 1]": 0.40384615384615385,
        "[3 1 2]": 0.19230769230769232,
        "[2 1 3]": 0.17307692307692307,
        "[3 1 3]": 0.038461538461538464,
        "[3 1 1]": 0.17307692307692307
    },
    "[2 1 3]": {
        "[1 2 3]": 0.3724137931034483,
        "[2 3 1]": 0.11724137931034483,
        "[3 3 1]": 0.027586206896551724,
        "[1 3 1]": 0.08275862068965517,
        "[1 3 2]": 0.2689655172413793,
        "[1 3 3]": 0.12413793103448276,
        "[1 1 3]": 0.006896551724137931
    },
    "[1 3 2]": {
        "[3 2 1]": 0.42948717948717946,
        "[3 1 2]": 0.1282051282051282,
        "[3 3 1]": 0.07051282051282051,
        "[2 1 3]": 0.1987179487179487,
        "[3 1 3]": 0.05128205128205128,
        "[1 1 3]": 0.05128205128205128,
        "[3 1 1]": 0.07051282051282051
    },
    "[3 1 3]": {
        "[1 2 3]": 0.3333333333333333,
        "[2 3 1]": 0.26666666666666666,
        "[3 3 1]": 0.044444444444444446,
        "[1 3 1]": 0.08888888888888889,
        "[1 3 2]": 0.08888888888888889,
        "[1 3 3]": 0.17777777777777778
    },
    "[1 3 3]": {
        "[3 2 1]": 0.056074766355140186,
        "[3 1 2]": 0.018691588785046728,
        "[1 2 3]": 0.1308411214953271,
        "[2 3 1]": 0.08411214953271028,
        "[3 3 1]": 0.308411214953271,
        "[2 1 3]": 0.08411214953271028,
        "[1 3 2]": 0.037383177570093455,
        "[3 1 3]": 0.009345794392523364,
        "[1 1 3]": 0.2616822429906542,
        "[3 1 1]": 0.009345794392523364
    },
    "[1 1 3]": {
        "[1 2 3]": 0.39823008849557523,
        "[2 3 1]": 0.07964601769911504,
        "[3 3 1]": 0.008849557522123894,
        "[1 3 1]": 0.017699115044247787,
        "[1 3 2]": 0.25663716814159293,
        "[1 3 3]": 0.22123893805309736,
        "[1 1 3]": 0.017699115044247787
    },
    "[3 1 1]": {
        "[3 2 1]": 0.061855670103092786,
        "[3 1 2]": 0.020618556701030927,
        "[1 2 3]": 0.09278350515463918,
        "[2 3 1]": 0.08247422680412371,
        "[3 3 1]": 0.28865979381443296,
        "[2 1 3]": 0.1134020618556701,
        "[1 3 2]": 0.010309278350515464,
        "[1 1 3]": 0.32989690721649484
    }
}